{"manga_project/chapter1/images/0001-023_0..jpg": [[253.89492797851562, 45.19921875, 397.12969970703125, 236.59454345703125], [13.871484756469727, 4.364062786102295, 300.9644470214844, 146.1960906982422]], "manga_project/chapter1/images/0001-023_1..jpg": [], "manga_project/chapter1/images/0001-023_2..jpg": [], "manga_project/chapter1/images/0001-023_2._0..jpg": [], "manga_project/chapter1/images/0001-023_3..jpg": [[238.34725952148438, 167.630859375, 256.6675720214844, 175.69180297851562]], "manga_project/chapter1/images/0001-023_4..jpg": [], "manga_project/chapter1/images/0001-023_5..jpg": [[78.2015609741211, 131.43515014648438, 321.75701904296875, 591.6937255859375]]}